Object; Parents
ad, advertisement, advertizement, advertising, advertizing, advert; ad.n.01
air conditioner, air conditioning; mechanism.n.05
airplane, aeroplane, plane; heavier-than-air_craft.n.01
alarm clock, alarm; clock.n.01
alarm, warning device, alarm system; alarm.n.02
amphora; jar.n.01
anchor, ground tackle; hook.n.04
andiron, firedog, dog, dog-iron; support.n.10
animal, animate being, beast, brute, creature, fauna; animal.n.01
antenna, aerial, transmitting aerial; electrical_device.n.01
antler; antler.n.01
apparel, wearing apparel, dress, clothes; apparel.n.01
apron; clothing.n.01
aquarium, fish tank, marine museum; aquarium.n.01
arcade machine; pinball.n.01
arcade, colonnade; structure.n.01
arch, archway; structure.n.01
armchair; chair.n.01
art, fine art; art.n.01
ashcan, trash can, garbage can, wastebin, ash bin, ash-bin, ashbin, dustbin, trash barrel, trash bin; ashcan.n.01
ashtray; receptacle.n.01
avocados; edible_fruit.n.01
award; prize.n.01
awards; prize.n.01
awning, sunshade, sunblind; canopy.n.03
baby buggy, baby carriage, carriage, perambulator, pram, stroller, go-cart, pushchair, pusher; wheeled_vehicle.n.01
back pillow; cushion.n.03
backpack, back pack, knapsack, packsack, rucksack, haversack; backpack.n.01
backpacks; backpack.n.01
badge; badge.n.01
bag; bag.n.01
bag, handbag, pocketbook, purse; bag.n.04
bag, traveling bag, travelling bag, grip, suitcase; case.n.05
baggage carts; handcart.n.01
balcony; balcony.n.02
balcony covered; balcony.n.02
ball; ball.n.01
ball, globe, orb; ball.n.03
balloon; aircraft.n.01
bananas; edible_fruit.n.01
banner, streamer; flag.n.01
bannister, banister, balustrade, balusters, handrail; barrier.n.01
bar; counter.n.01
barbecue; barbecue.n.03
barrel, cask; vessel.n.03
barricade; roadblock.n.02
barrier; barrier.n.01
base; support.n.07
base, pedestal, stand; pedestal.n.03
baseball; baseball.n.02
baseboard, mopboard, skirting board; baseboard.n.01
baseboards; baseboard.n.01
basin; basin.n.01
basket, basketball hoop, hoop; basket.n.03
basket, handbasket; basket.n.01
baskets; basket.n.01
bath sponge; sponge.n.01
bathrobe; robe.n.01
bathtub, bathing tub, bath, tub; bathtub.n.01
beam; beam.n.02
beams; beam.n.02
bed; bed.n.01
bedspread; bedclothes.n.01
bell; bell.n.01
bench; seat.n.03
bib; piece_of_cloth.n.01
bicycle rack; rack.n.01
bicycle, bike, wheel, cycle; wheeled_vehicle.n.01
bidet; basin.n.01
big top; shelter.n.01
billboard, hoarding; signboard.n.01
bin; bin.n.01
binder, ring-binder; protective_covering.n.01
binoculars; optical_instrument.n.01
bird; bird.n.01
birdcage; cage.n.01
blackboard, chalkboard; sheet.n.06
blade, vane; mechanism.n.05
blanket, cover; blanket.n.01
blankets; blanket.n.01
blender; mixer.n.04
blind, screen; blind.n.03
blinds; blind.n.03
block; block.n.01
blouse; clothing.n.01
board, plank; board.n.02
boat; boat.n.01
boat stop; region.n.03
boiler; vessel.n.03
book; book.n.02
bookcase; furniture.n.01
bookend; bookend.n.01
bookends; bookend.n.01
booklet, brochure, folder, leaflet, pamphlet; booklet.n.01
boot; footwear.n.02
booth; table.n.02
booth, cubicle, stall, kiosk; booth.n.02
bottle; bottle.n.01
bottle rack; rack.n.01
bouquet, corsage, posy, nosegay; flower_arrangement.n.01
bow; decoration.n.01
bowl; bowl.n.03
bowls; bowl.n.03
box; box.n.01
box-file; portfolio.n.01
bracelet; jewelry.n.01
branch; branch.n.02
branches; branch.n.02
bread box; container.n.01
bread roll; bun.n.01
bread rolls; bun.n.01
bread, breadstuff, staff of life; bread.n.01
breadbasket; basket.n.01
brick; brick.n.01
bricks; brick.n.01
bridge, span; bridge.n.01
bridges; bridge.n.01
briefcase; case.n.05
brochure; booklet.n.01
broom; implement.n.01
brush; brush.n.02
brushes; brush.n.02
bucket, pail; bucket.n.01
buckets; bucket.n.01
buffet, counter, sideboard; furniture.n.01
buggy; carriage.n.02
building materials; building_material.n.01
building, edifice; building.n.01
bulldozer; tractor.n.01
bulletin board, notice board; bulletin_board.n.02
bumper; mechanical_device.n.01
buoy; signal.n.01
burner; component.n.03
bus stop; topographic_point.n.01
bus, autobus, coach, charabanc, double-decker, jitney, motorbus, motorcoach, omnibus, passenger vehicle; conveyance.n.03
business cards; positive_identification.n.01
butane gas cylinder; cylinder.n.04
buttress; support.n.07
buzzer; signaling_device.n.01
cabin; house.n.01
cabinet; furniture.n.01
cable; cable.n.02
cable railway; railway.n.01
caca
cage; cage.n.01
cake mold; container.n.01
calendar; calendar.n.03
camera, photographic camera; camera.n.01
can opener; opener.n.03
can, tin, tin can; container.n.01
canal; way.n.06
candelabrum, candelabra; candlestick.n.01
candies; candy.n.01
candle, taper, wax light; candle.n.01
candles; candle.n.01
candlestick, candle holder; candlestick.n.01
cane; cane.n.01
canes; cane.n.01
canister, cannister, tin; canister.n.02
canlendar; calendar.n.03
cannon; instrumentality.n.03
canoe; boat.n.01
canopy; canopy.n.03
cap; headdress.n.01
car wreck; happening.n.01
car, auto, automobile, machine, motorcar; motor_vehicle.n.01
carapace, shell, cuticle, shield; carapace.n.01
card; card.n.03
card display; diversion.n.01
card game, cards; game.n.01
card table; card_table.n.02
carousel; mechanical_device.n.01
carpets; rug.n.01
carriage; carriage.n.02
cart; handcart.n.01
carts; handcart.n.01
case, display case, showcase, vitrine; case.n.20
cash machine, cash dispenser, automated teller machine, automatic teller machine, automated teller, automatic teller, atm; machine.n.01
casket; box.n.01
casserole; dish.n.01
cassette; cassette.n.01
cassettes; cassette.n.01
cat; carnivore.n.01
catwalk; platform.n.01
cd; compact_disk.n.01
cds; compact_disk.n.01
ceiling; side.n.05
ceiling decor; interior_decoration.n.01
ceiling piece; overhang.n.01
cello cover; bowed_stringed_instrument.n.01
cellular telephone, cellular phone, cellphone, cell, mobile phone; telephone.n.01
centerpiece; decoration.n.01
central processing unit, cpu, c p u , central processor, processor, mainframe; central_processing_unit.n.01
central reservation; barrier.n.01
ceramic box; box.n.01
ceramic pot; pot.n.01
chain; connection.n.03
chair; chair.n.01
chaise lounge; chair.n.01
chalk; writing_implement.n.01
champagne bucket; bucket.n.01
chandelier, pendant, pendent; lighting_fixture.n.01
check-in-desk; counter.n.01
check-in-desks; counter.n.01
checkers pieces; game_equipment.n.01
checkers table; board.n.09
cheese; cheese.n.01
cheese dish; dish.n.01
chess; game.n.01
chest; chest.n.02
chest of drawers, chest, bureau, dresser; chest_of_drawers.n.01
chimney; conduit.n.01
chips; game_equipment.n.01
chopping board, cutting board; board.n.03
christmas tree; decoration.n.01
cigarette; tobacco.n.01
cistern, water tank; tank.n.02
city; municipality.n.01
clamp lamp; lamp.n.02
climbing frame; framework.n.03
clock; clock.n.01
clock radio; radio_receiver.n.01
closet; storage_space.n.01
clothes hanging; clothing.n.01
clothes stand; rack.n.05
clothing; clothing.n.01
clothing rack; rack.n.05
coaster; coaster.n.03
coasters; coaster.n.03
coat; coat.n.01
coat of arms; emblem.n.01
coat rack; rack.n.01
coffee cup; cup.n.01
coffee cup rack; rack.n.05
coffee grinder; mill.n.04
coffee maker; kitchen_appliance.n.01
coffee pot; pot.n.01
coffee table, cocktail table; table.n.02
column, pillar; upright.n.01
comb; device.n.01
comforter; quilt.n.01
comic strip; message.n.02
computer, computing machine, computing device, data processor, electronic computer, information processing system; computer.n.01
console table, console; table.n.02
construction equipment; power_tool.n.01
container; container.n.01
containers; container.n.01
controls; control.n.09
conveyer belt, conveyor belt, conveyer, conveyor, transporter; shape.n.02
cooker; cooker.n.01
cool box; cooler.n.01
cooler; cooler.n.01
coral; solid.n.01
corkscrew; opener.n.03
cornice; molding.n.02
counter; counter.n.01
counters; counter.n.01
countertop; work_surface.n.01
cove; body_of_water.n.01
cover; covering.n.02
cover curtain; curtain.n.01
crackers; bread.n.01
cradle; furniture.n.01
crane; lifting_device.n.01
crate; box.n.01
cream; dairy_product.n.01
creeper; vascular_plant.n.01
crock; jar.n.01
crock pot; crock_pot.n.01
cross; cross.n.03
cruet; cruet.n.01
cruet set; cruet.n.01
crutch; staff.n.02
cubicles; booth.n.02
cue, cue stick, pool cue, pool stick; cue.n.04
cues; cue.n.04
cup; cup.n.01
cup maker
cups; cup.n.01
curb cut; curb.n.01
curb, curbing, kerb; curb.n.01
curbstone; building_material.n.01
curtain cover; curtain.n.01
curtain, drape, drapery, mantle, pall; curtain.n.01
curtains; curtain.n.01
cushion; cushion.n.03
cushions; cushion.n.03
cutlery; cutlery.n.02
dartboard; board.n.09
decanter; bottle.n.01
deck chair, beach chair; folding_chair.n.01
decoder; machine.n.01
decor; interior_decoration.n.01
decoration, ornament, ornamentation; decoration.n.01
decorations; decoration.n.01
decorative wood; decoration.n.01
deer antler; antler.n.01
deodorant; toiletry.n.01
desk; table.n.02
desk mat; mat.n.07
desk organizer; pencil_box.n.01
dial; device.n.01
digital clock; clock.n.01
diploma; writing.n.02
dipper; ladle.n.01
dirt track; racetrack.n.01
dish drainer; dish_rack.n.01
dish rack; dish_rack.n.01
dish soap; soap.n.01
dish towel; towel.n.01
dish, dish aerial, dish antenna, saucer; dish.n.01
dishcloths; dishrag.n.01
dishes; dish.n.01
dishrag, dishcloth; dishrag.n.01
dishwasher, dish washer, dishwashing machine; white_goods.n.01
disk spindle; rod.n.01
disks; memory_device.n.01
dispenser; dispenser.n.01
display board; display_panel.n.01
display window, shop window, shopwindow, show window; window.n.01
distaff; staff.n.02
doble door; double_door.n.01
document, written document, papers; paper.n.04
dog dish; dish.n.01
dog, domestic dog, canis familiaris; dog.n.01
doily; linen.n.03
doll; plaything.n.01
dome; roof.n.01
door; door.n.01
doorbell; push_button.n.01
doorframe, doorcase; framework.n.03
dormer, dormer window; window.n.01
double door; double_door.n.01
drain; drain.n.03
drain pipe; drain.n.03
drain plug; obstruction.n.01
drain vent; vent.n.01
drapes; curtain.n.01
drawer; drawer.n.01
drawing; drawing.n.01
drawings; drawing.n.01
dressing screen; screen.n.09
dressing table; dressing_table.n.01
dried herbs; herb.n.02
drinking fountain; fountain.n.01
driveway; road.n.01
drums; percussion_instrument.n.01
duck; bird.n.01
dumbbell; weight.n.02
dummy; dummy.n.03
dvd; videodisk.n.01
dvd player; drive.n.10
dvds; videodisk.n.01
ear; body_part.n.01
earphones; earphone.n.01
earrings; jewelry.n.01
earth, ground; earth.n.02
easel; tripod.n.01
eaves; overhang.n.01
egg; foodstuff.n.02
eiderdown, duvet, continental quilt; quilt.n.01
electricity box; transformer.n.01
elevator door; elevator.n.01
elevator, lift; elevator.n.01
embankment; structure.n.01
entrance parking; parking.n.01
entry phone; telephone.n.01
envelope; envelope.n.01
envelopes; envelope.n.01
equipment; equipment.n.01
escalator, moving staircase, moving stairway; stairway.n.01
excavator; machine.n.01
exhibitor; representative.n.01
extractor fan; fan.n.01
extractor pipe; pipe.n.02
eyeglasses; spectacles.n.01
fabric; fabric.n.01
fabric, cloth, material, textile; fabric.n.01
fan; fan.n.01
faucet, spigot; faucet.n.01
fax machine; equipment.n.01
fence, fencing; fence.n.01
fences; fence.n.01
field; field.n.01
figure; figure.n.04
figurine, statuette; figure.n.04
file; file.n.01
file box; file.n.03
file cabinet; file.n.03
file cabinets; file.n.03
file organizer; file.n.03
file, file cabinet, filing cabinet; file.n.03
files; file.n.01
fire; happening.n.01
fire alarm; fire_alarm.n.02
fire alarm box; fire_alarm.n.02
fire blanket; covering.n.01
fire booth; fire_alarm.n.02
fire extinguisher, extinguisher, asphyxiator; device.n.01
fire hose; hose.n.03
fire utensils; fire_iron.n.01
fireplace utensils; fire_iron.n.01
fireplace, hearth, open fireplace; recess.n.04
fireplug, fire hydrant, plug; pipe.n.02
firewood; substance.n.07
first floor; floor.n.02
fish; vertebrate.n.01
fish tank; aquarium.n.01
fishing pole; rod.n.01
flag; flag.n.01
flag pole; staff.n.02
flame; process.n.06
flashlight; electric_lamp.n.01
flask; flask.n.01
flip flops; sandal.n.01
float; artifact.n.01
floor, flooring; horizontal_surface.n.01
flower; flower.n.01
fluorescent, fluorescent fixture; lighting_fixture.n.01
flusher; toilet.n.02
flyer; ad.n.01
flyscreen; canopy.n.03
foam; ball.n.03
fog; fog.n.01
fog bank; fog.n.01
folders; covering.n.02
folding chair; folding_chair.n.01
folding chairs; folding_chair.n.01
folding door; door.n.01
folding screen; screen.n.09
folding table; card_table.n.02
font; symbol.n.01
food processor; kitchen_appliance.n.01
food, solid food; food.n.02
foot rest; footstool.n.01
football; ball.n.01
football trophy; trophy.n.02
footbridge, overcrossing, pedestrian bridge; bridge.n.01
footrest; footstool.n.01
forest; group.n.01
fork; fork.n.01
forks; fork.n.01
fountain; fountain.n.01
frame; framework.n.03
front, front end, forepart; side.n.04
fruit; fruit.n.01
fruit bowl; bowl.n.01
fruit stand; stall.n.03
fryer; food.n.02
frying pan; pan.n.01
fuel pump; gas_pump.n.01
funnel; utensil.n.01
fur; material.n.01
game; game_equipment.n.01
garbage; waste.n.01
garland; wreath.n.01
garlic; flavorer.n.01
gas cap; top.n.09
gas cylinder; cylinder.n.04
gas heater; heater.n.01
gas meter; meter.n.02
gas pump, gasoline pump, petrol pump, island dispenser; gas_pump.n.01
gas station; facility.n.01
gate; gate.n.01
gates; gate.n.01
generator; machine.n.01
glacier; geological_formation.n.01
glass box; case.n.20
glass, drinking glass; glass.n.02
gloves; glove.n.02
goal; goal.n.03
goblet; glass.n.02
golf cart; golfcart.n.01
gourd; fruit.n.01
gramophone; record_player.n.01
grand piano, grand; piano.n.01
grandfather clock; clock.n.01
grass; herb.n.01
grate; grate.n.03
grater; kitchen_utensil.n.01
grating; grate.n.03
gravel; rock.n.02
gravy boat; dish.n.01
grid; cognition.n.01
grill; barbecue.n.03
grill, grille, grillwork; net.n.06
grinder; mill.n.04
gripper
guitar; stringed_instrument.n.01
gutter; gutter.n.01
gym shoe, sneaker, tennis shoe; shoe.n.01
hair dryer; hand_blower.n.01
hairbrush; brush.n.02
half globe; globe.n.03
hall; room.n.01
hand bellows; blower.n.01
handbag; bag.n.04
handle, grip, handgrip, hold; handle.n.01
hanger; coat_hanger.n.01
hanger hook; coat_hanger.n.01
hangers; coat_hanger.n.01
hanging clothes; apparel.n.01
hanging utensils; cooking_utensil.n.01
harbor; port.n.01
hard drive; drive.n.10
hat, chapeau, lid; hat.n.01
hats; hat.n.01
head, caput; body_part.n.01
headboard; panel.n.01
headphones; earphone.n.01
heart; plane_figure.n.01
heater, warmer; heater.n.01
heating; facility.n.01
hedge, hedgerow; fence.n.01
helicopter; heavier-than-air_craft.n.01
helmet; headdress.n.01
herb; herb.n.02
highway bridge; bridge.n.01
hill; natural_elevation.n.01
hinge, flexible joint; connection.n.03
hole; natural_depression.n.01
hole puncher; tool.n.01
hood, exhaust hood; covering.n.02
hook; hook.n.04
horse, equus caballus; placental.n.01
hose; hose.n.03
hot mitt; potholder.n.01
hot peppers; pepper.n.04
hot tub; bathtub.n.01
hotel safe; box.n.01
hotplate; kitchen_appliance.n.01
hourglass; timepiece.n.01
house; house.n.01
house number; number.n.08
hutch; cage.n.01
ice bucket; bucket.n.01
ice cream; nutriment.n.01
ice creme stand; stall.n.03
id card; id.n.02
idol; representation.n.02
in box; container.n.01
intercom; system.n.01
ipod; stereo.n.01
iron; home_appliance.n.01
iron cross; cross.n.03
ironing board; board.n.03
island; object.n.01
jacket; coat.n.01
jar; jar.n.01
jersey, t-shirt, tee shirt; shirt.n.01
jewelry display; jewelry.n.01
joist; beam.n.02
jug; bottle.n.01
juke box; record_player.n.01
junk; rubbish.n.01
kettle, boiler; pot.n.01
key; device.n.01
keyboard; device.n.01
kitchen island; topographic_point.n.01
kitchen utensils; kitchen_utensil.n.01
knife; edge_tool.n.01
knob; knob.n.02
knobs; knob.n.02
label, recording label; label.n.04
ladder; stairway.n.01
ladle; ladle.n.01
lake; lake.n.01
lamp; lamp.n.02
lamp cord; conductor.n.04
land, ground, soil; soil.n.02
lantern; lantern.n.01
laptop, laptop computer; digital_computer.n.01
large fork; fork.n.01
large rabbit; rabbit.n.01
lattice; framework.n.03
leaf, leafage, foliage; leaf.n.01
leaves; leaf.n.01
lectern; table.n.02
leg; support.n.10
lemon; citrus.n.01
lid; lid.n.02
light bulb, lightbulb, bulb, incandescent lamp, electric light, electric-light bulb; electric_lamp.n.01
light switches; switch.n.01
light, light source; light.n.02
lighter; device.n.01
lock; lock.n.01
locker; cabinet.n.03
lockers; cabinet.n.03
loft; floor.n.02
log; log.n.01
log holder; container.n.01
logo; marker.n.02
logs; log.n.01
loudspeaker; loudspeaker.n.01
loudspeaker, speaker, speaker unit, loudspeaker system, speaker system; loudspeaker.n.01
mace; symbol.n.01
machine; machine.n.01
magazine; product.n.02
magazine rack; rack.n.05
magnet; device.n.01
manhole; manhole.n.01
mannequin; dummy.n.03
mantle; shelf.n.01
map; representation.n.02
marker; artifact.n.01
mask; mask.n.01
massage table; stretcher.n.03
mast; pole.n.01
mat; floor_cover.n.01
material; material.n.01
mattress; pad.n.04
measuring spoons; spoon.n.01
menu; list.n.01
merchandise, ware, product; commodity.n.01
message board; display_panel.n.01
metal decoration; decoration.n.01
metal shutters; shutter.n.02
meter; meter.n.02
mezzanine, first balcony; structure.n.01
microphone, mike; electro-acoustic_transducer.n.01
microwave, microwave oven; kitchen_appliance.n.01
milestone; marker.n.02
mill; mill.n.04
minibike, motorbike; motor_vehicle.n.01
mirror; mirror.n.01
mirrors; mirror.n.01
mitten; glove.n.02
mixer; mixer.n.04
mixing board; electronic_equipment.n.01
mobile; sculpture.n.01
model; model.n.04
molding; molding.n.02
monitor, monitoring device; monitor.n.04
monitors; monitor.n.04
monument; memorial.n.03
moon; moon.n.01
mop handle; handle.n.01
mortar; vessel.n.03
mosaic; art.n.01
motion detector; detector.n.01
moulding; molding.n.02
mountain pass; pass.n.04
mountain, mount; natural_elevation.n.01
mouse stand; base.n.08
mouse, computer mouse; electronic_device.n.01
mousepad, mouse mat; mat.n.07
movie poster; poster.n.01
moving walkway; walk.n.05
mug; vessel.n.03
mug holder; rack.n.01
mushroom; vegetable.n.01
music box; musical_instrument.n.01
music stand; rack.n.05
nail brush; brush.n.02
napkin holder; holder.n.01
napkin rack; rack.n.01
napkin ring; hoop.n.02
napkin, table napkin, serviette; napkin.n.01
necklace; necklace.n.01
necklace display; necklace.n.01
necktie; garment.n.01
net; net.n.06
newspaper stand; stall.n.03
newspaper, paper; medium.n.01
niche; recess.n.04
night light; light.n.02
note; record.n.01
notebook; book.n.02
notecards; card.n.03
notepad; pad.n.01
notice board; bulletin_board.n.02
numbers; numeral.n.01
numeral, number; numeral.n.01
nuts; fruit.n.01
oar; oar.n.01
obelisk; structure.n.01
office partition; booth.n.02
oil jar; jar.n.01
oil lamp; lamp.n.01
onion; onion.n.03
onions; onion.n.03
orange; citrus.n.01
organizer; representative.n.01
oriental lantern; lantern.n.01
ornament; decoration.n.01
ottoman, pouf, pouffe, puff, hassock; seat.n.03
oven; kitchen_appliance.n.01
overhang; overhang.n.01
pack; package.n.02
packages; package.n.02
packet; package.n.02
pad of paper; pad.n.01
paddle; oar.n.01
padlock; lock.n.01
painiting; painting.n.01
painting, picture; painting.n.01
paintings; painting.n.01
pallet; platform.n.01
palm, palm tree; tree.n.01
pan; pan.n.01
pane, pane of glass, window glass; pane.n.01
panel; panel.n.01
panelling; panel.n.01
panels; panel.n.01
pans; pan.n.01
pants; trouser.n.01
paper; paper.n.04
paper clip; fastener.n.02
paper file; file.n.01
paper filer; file.n.03
paper napkin; napkin.n.01
paper napkins; napkin.n.01
paper roll; paper.n.04
paper towel; paper_towel.n.01
paper weight; artifact.n.01
paperpile; paper.n.01
parking; parking.n.01
parking entrance; parking.n.01
parking lot; tract.n.01
parking meter; timepiece.n.01
parking place; parking.n.01
parterre; tract.n.01
partition wall; partition.n.01
partition, divider; partition.n.01
pastries; baked_goods.n.01
path; location.n.01
patio, terrace; area.n.05
patty, cake; baked_goods.n.01
peach; peach.n.03
pedestal, plinth, footstall; pedestal.n.03
pen; pen.n.01
pen holder; pencil_box.n.01
pen set; pen.n.01
pencil; pencil.n.01
pencil case; pencil_box.n.01
pencil sharpener; implement.n.01
pencils; pencil.n.01
pens; pen.n.01
pepper; flavorer.n.01
pepper grinder; mill.n.04
pepper shaker; shaker.n.03
peppers; pepper.n.04
person, individual, someone, somebody, mortal, soul; person.n.01
pestle; hand_tool.n.01
pet bowl; bowl.n.01
pet dish; bowl.n.01
phone charger; device.n.01
photo album; book.n.02
photo machine; camera.n.01
piano, pianoforte, forte-piano; piano.n.01
pictures; representation.n.02
pier, wharf, wharfage, dock; pier.n.01
pigeonhole; space.n.02
pillow; pillow.n.01
pillows; pillow.n.01
pilon; tower.n.01
pinball; pinball.n.01
pine decor; interior_decoration.n.01
pineapple; edible_fruit.n.01
pinecone; reproductive_structure.n.01
ping pong paddle; stick.n.01
pipe, pipage, piping; pipe.n.02
pipe, tube; pipe.n.02
piper; person.n.01
piping; pipe.n.02
pitcher, ewer; vessel.n.03
pitchfork; hand_tool.n.01
placard; poster.n.01
place card; card.n.03
place mat; place_mat.n.01
place mats; place_mat.n.01
place setting; tableware.n.01
planks; board.n.02
plant pots; planter.n.03
plant stand; stall.n.03
plant, flora, plant life; plant.n.02
planter; planter.n.03
plaque; memorial.n.03
plastic cups; cup.n.01
plate; flatware.n.01
plate mat; place_mat.n.01
plate rack; plate_rack.n.01
plates rack; plate_rack.n.01
platform; platform.n.01
platter; flatware.n.01
playground; field.n.01
plaything, toy; plaything.n.01
plug; electrical_device.n.01
podium; platform.n.01
poker; fire_iron.n.01
pole; pole.n.01
poles; pole.n.01
pond; lake.n.01
pool; pool.n.01
pool ball; pool_ball.n.01
pool balls; pool_ball.n.01
pool table, billiard table, snooker table; pool_table.n.01
porch; porch.n.01
port; port.n.01
portfolio; portfolio.n.01
post; upright.n.01
post box; postbox.n.01
post light; streetlight.n.01
post-it; paper.n.01
postal card; postcard.n.01
postbox; postbox.n.01
postbox, mailbox, letter box; box.n.01
postcard; postcard.n.01
postcard display; display_panel.n.01
postcards; postcard.n.01
poster, posting, placard, notice, bill, card; poster.n.01
posters; poster.n.01
posters pole; poster.n.01
pot; pot.n.01
pot hanger; hanger.n.02
pot holder; potholder.n.01
pot lid; lid.n.02
pot of herbs; herb.n.02
pot rack; rack.n.01
pot, flowerpot; pot.n.04
pots; pot.n.01
potted fern; vascular_plant.n.01
pottery, clayware; utensil.n.01
powder; solid.n.01
power; organization.n.01
power box; transformer.n.01
power lines; cable.n.02
power meter; meter.n.02
power point; wall_socket.n.01
power strip; receptacle.n.03
pressure cooker; vessel.n.03
pressure washer; hose.n.03
price list; list.n.01
price tag; label.n.04
printed matter; written_communication.n.01
printer; printer.n.03
projector; optical_instrument.n.01
projector rack; rack.n.01
pub front; building.n.01
puddle; body_of_water.n.01
pulley; machine.n.04
pumpkin; vegetable.n.01
puppet; figure.n.04
push button, push, button; push_button.n.01
push buttons; push_button.n.01
pylon, power pylon; tower.n.01
quay; pier.n.01
quilt; quilt.n.01
rabbit; rabbit.n.01
rack; rack.n.01
rack cue; cue.n.04
racket; sports_implement.n.01
radiator; heater.n.01
radio; radio_receiver.n.01
radio receiver, receiving set, radio set, radio, tuner, wireless; radio_receiver.n.01
railing, rail; barrier.n.01
railroad track; artifact.n.01
rails; bar.n.03
rain drain; drain.n.03
rain gutter; gutter.n.01
ramp; machine.n.04
raw disposal basket; ashcan.n.01
razor; edge_tool.n.01
record player; record_player.n.01
records; recording.n.03
recycling bin; bin.n.01
refrigerator, icebox; refrigerator.n.01
remote control, remote; device.n.01
revolving door; door.n.01
rim; hoop.n.02
rings; hoop.n.02
river; body_of_water.n.01
road, route; road.n.01
roads; road.n.01
roasting; change.n.03
rock, stone; rock.n.02
rocking chair, rocker; chair.n.01
rocking horse; plaything.n.01
rod; rod.n.01
roof; roof.n.01
roof rack; rack.n.01
rope; line.n.18
roundabout; topographic_point.n.01
router; device.n.01
rubber glove; glove.n.02
rubbish, trash, scrap; rubbish.n.01
rug, carpet, carpeting; rug.n.01
runner; tablecloth.n.01
runner cloth; tablecloth.n.01
safety net; net.n.06
sailboat, sailing boat; vessel.n.02
salt; flavorer.n.01
salt and pepper; spice.n.02
salt pepper cellar; saltcellar.n.01
saltcellar; saltcellar.n.01
sand; soil.n.02
sandal; sandal.n.01
santa claus; santa_claus.n.01
saucepan; pan.n.01
saucers; flatware.n.01
scaffolding, staging; system.n.01
scale, weighing machine; measuring_instrument.n.01
scanner; scanner.n.02
scarf; scarf.n.01
scissors; scissors.n.01
sconce; support.n.10
scoop; ladle.n.01
score; communication.n.02
scoreboard; scoreboard.n.01
scotch tape; tape.n.01
scourer; worker.n.01
screen door, screen; screen_door.n.01
screen, crt screen; screen.n.03
screen, silver screen, projection screen; surface.n.01
screens; screen.n.03
sculpture; sculpture.n.01
sculptures; sculpture.n.01
sea; body_of_water.n.01
sea star; animal.n.01
seat; seat.n.03
seat base; seat.n.03
seat cushion; cushion.n.03
seating; room.n.02
security camera; camera.n.01
security light; streetlight.n.01
seltzer bottle; bottle.n.01
semi-flush mount lights; light.n.02
sewer; sewer.n.01
sewer cover; manhole.n.01
sewer drain; sewer.n.01
sewing machine; sewing_machine.n.01
shaker; shaker.n.03
shampoo; cleansing_agent.n.01
shape; attribute.n.02
shaving brush; brush.n.02
shed; building.n.01
sheet; sheet.n.03
sheets; sheet.n.03
shelf; shelf.n.01
shell, case, casing; protective_covering.n.01
shells; carapace.n.01
shirt; shirt.n.01
shoe; shoe.n.01
shoe rack; rack.n.01
shoji screen; screen_door.n.01
shop, store; shop.n.01
shopping bag; bag.n.01
shopping cart; shopping_cart.n.01
shopping carts; shopping_cart.n.01
shops; shop.n.01
shorts; trouser.n.01
shovel; shovel.n.01
shower; plumbing_fixture.n.01
shower curtain; curtain.n.01
shower door; door.n.01
shower faucet; water_faucet.n.01
shower stall, shower bath; booth.n.02
shower tray; tray.n.01
showerhead; opening.n.10
shrub, bush; woody_plant.n.01
shutter; shutter.n.02
side; side.n.04
robe.n.01; walk.n.05
signboard, sign; signboard.n.01
sill; sill.n.01
silver bird statue; statue.n.01
silver canister; canister.n.02
sink; plumbing_fixture.n.01
site hut; shelter.n.01
skating boots; sports_equipment.n.01
skimmer; cooking_utensil.n.01
skip; change.n.03
skirt; plant_part.n.01
skirting board; baseboard.n.01
sky; fluid.n.02
skylight, fanlight; window.n.01
skyscraper; skyscraper.n.01
skyscrapers; skyscraper.n.01
sled; vehicle.n.01
sleeping robe; robe.n.01
sliding; windowpane.n.01
slipper; slipper.n.01
slippers; slipper.n.01
slope; geological_formation.n.01
slot machine, coin machine; slot_machine.n.01
slotted spoon; spoon.n.01
slow cooker; crock_pot.n.01
small chair; chair.n.01
small table; table.n.02
smoke detector; detector.n.01
smoke escape
snow; region.n.01
snowy mountain pass; pass.n.04
soap; soap.n.01
soap bar; soap.n.01
soap dish; fixture.n.01
soap dispenser; dispenser.n.01
soaps; soap.n.01
sock; sock.n.01
socks; sock.n.01
sofa bed; sofa.n.01
sofa, couch, lounge; sofa.n.01
soil; soil.n.02
solar panel; electrical_device.n.01
spade; hand_shovel.n.01
spatula; spatula.n.02
spatulas; spatula.n.02
spectacle-case; case.n.05
spectacles, specs, eyeglasses, glasses; spectacles.n.01
sphere; sphere.n.02
spice jar; jar.n.01
spice rack; spice_rack.n.01
spices; spice.n.02
spices rack; spice_rack.n.01
spindle; stick.n.01
spiral staircase; stairway.n.01
sponge; sponge.n.01
sponges; sponge.n.01
spoon; spoon.n.01
spoons; spoon.n.01
sport bag; bag.n.01
spotlight, spot; spotlight.n.02
spotlights; spotlight.n.02
spray; dispenser.n.01
spray can; dispenser.n.01
sprinkler; mechanical_device.n.01
square; tract.n.01
squeezer; kitchen_utensil.n.01
ssign; signboard.n.01
stained glass; solid.n.01
stairs, steps; step.n.04
stairway, staircase; stairway.n.01
stall, stand, sales booth; stall.n.03
stands; stall.n.03
stapler; machine.n.01
star; plane_figure.n.01
station; position.n.01
statue; statue.n.01
steel box; box.n.01
step, stair; step.n.04
steps machine; device.n.01
stereo; stereo.n.01
stick; stick.n.01
sticker; label.n.04
sticky tape dispenser; tape.n.01
stocking; stocking.n.01
stockings; stocking.n.01
stone ball; ball.n.03
stool; stool.n.01
storage box; box.n.01
storage rack; rack.n.01
store; shop.n.01
storm drain; drain.n.03
storm grate; grate.n.03
stove, kitchen stove, range, kitchen range, cooking stove; kitchen_appliance.n.01
strainer; device.n.01
strawberries; strawberry.n.01
strawberry; strawberry.n.01
straws; tube.n.01
street box; box.n.01
street grate; grate.n.03
street lights; streetlight.n.01
street name; name.n.01
street number; number.n.08
street sign; sign.n.02
street wires; wire.n.02
streetcar, tram, tramcar, trolley, trolley car; streetcar.n.01
streetlight, street lamp; streetlight.n.01
stretcher; stretcher.n.03
string; cord.n.01
stringer; beam.n.02
stripe; design.n.04
structure; structure.n.01
stuffed head; cognition.n.01
subway; metro.n.01
sugar bowl; dish.n.01
suit hanger; coat_hanger.n.01
sun room; room.n.01
sunflower; flower.n.01
sunglasses; spectacles.n.01
support; support.n.07
surfboard; board.n.03
sweater, jumper; garment.n.01
sweep; cognition.n.01
swimming pool, swimming bath, natatorium; swimming_pool.n.01
swinging seat; swing.n.02
swiss chard; herb.n.01
switch box; control_panel.n.01
switch, electric switch, electrical switch; switch.n.01
switches; switch.n.01
swivel chair; chair.n.01
system; system.n.01
table; table.n.02
table cloth; tablecloth.n.01
table football; game.n.03
table game; table_game.n.01
table mat; pad.n.04
table runner; tablecloth.n.01
table runners; tablecloth.n.01
table tennis; table_game.n.01
tablecloth; tablecloth.n.01
tablecloths; tablecloth.n.01
tables; table.n.02
tag; label.n.04
tallboy; chest_of_drawers.n.01
tank top; shirt.n.01
tank, storage tank; tank.n.02
tanker; vessel.n.02
tape; tape.n.01
taper; cord.n.01
tapestry, tapis; decoration.n.01
tarp; fabric.n.01
tea set; tableware.n.01
teacup; cup.n.01
teapot; pot.n.01
telephone booth, phone booth, call box, telephone box, telephone kiosk; booth.n.02
telephone directories; book.n.01
telephone, phone, telephone set; telephone.n.01
telescope; instrument.n.01
television receiver, television, television set, tv, tv set, idiot box, boob tube, telly, goggle box; receiver.n.01
television stand; base.n.08
tennis table; table.n.02
terrace cafe; building.n.01
test; activity.n.01
text, textual matter; writing.n.02
thermos; flask.n.01
thermostat; regulator.n.01
threshold; sill.n.01
ticket vending machine; vending_machine.n.01
tile; block.n.01
tin box; box.n.01
tins; canister.n.02
tire; hoop.n.02
tissue; tissue.n.02
tissue dispenser; tissue.n.02
tissues; tissue.n.02
toaster; kitchen_appliance.n.01
toaster oven; kitchen_appliance.n.01
toilet bag; bag.n.01
toilet brush; brush.n.02
toilet kit; case.n.05
toilet paper holder; toilet_tissue.n.01
toilet paper rolls; toilet_tissue.n.01
toilet set; toilet.n.02
toilet tissue, toilet paper, bathroom tissue; toilet_tissue.n.01
toilet, can, commode, crapper, pot, potty, stool, throne; toilet.n.02
toll gate; gate.n.01
tomato; solanaceous_vegetable.n.01
tool; tool.n.01
toolbox; chest.n.02
toothbrush; toothbrush.n.01
toothpaste; cleansing_agent.n.01
top; side.n.04
towel; towel.n.01
towel dispenser; dispenser.n.01
towel paper; paper_towel.n.01
towel rack, towel horse; towel_rack.n.01
towel radiator; towel_rack.n.01
towel rail; bar.n.03
towel ring; hoop.n.02
tower; tower.n.01
track; racetrack.n.01
tractor; tractor.n.01
trade name, brand name, brand, marque; name.n.01
traffic cone; roadblock.n.02
traffic light, traffic signal, stoplight; signal.n.01
trailer; conveyance.n.03
tramway; conveyance.n.03
transformer; transformer.n.01
trash bag; bin_liner.n.01
trash bags; bin_liner.n.01
tray; tray.n.01
tree; tree.n.01
trestle; tower.n.01
tripod; tripod.n.01
troller; worker.n.01
troller bin; ashcan.n.01
trolley table; handcart.n.01
trolly; streetcar.n.01
trophy, prize; trophy.n.02
trouser, pant; trouser.n.01
truck, motortruck; truck.n.01
truckle bed; bed.n.01
trunk, tree trunk, bole; stalk.n.02
tubing; tube.n.01
tumble dryer; dryer.n.01
tunnel; passageway.n.01
tureen; dish.n.01
turnbuckle; mechanical_device.n.01
turntables; platform.n.01
turtle; vertebrate.n.01
twizzlers; candy.n.01
typewriter; printer.n.03
umbrella; umbrella.n.01
umbrella rack; rack.n.01
umbrella stand; bin.n.01
umbrellas; umbrella.n.01
underground; metro.n.01
underground station; metro.n.01
urbanization; attribute.n.02
urn; vase.n.01
utensils; utensil.n.01
utensils rack; rack.n.01
utility box; control_panel.n.01
utility panel; control_panel.n.01
valance; framework.n.03
valley, vale; natural_depression.n.01
valve; valve.n.03
van; truck.n.01
vanity; dressing_table.n.01
vanity bag; bag.n.01
vase; vase.n.01
vases; vase.n.01
vault; roof.n.01
vegetables; vegetable.n.01
vending machine; vending_machine.n.01
vent, venthole, vent-hole, blowhole; vent.n.01
ventilation shaft; ventilation_shaft.n.01
verandah; porch.n.01
vest; garment.n.01
video-tape; memory_device.n.01
videocassette recorder, vcr; equipment.n.01
viewpoint; position.n.01
vinegar jar; jar.n.01
violin; bowed_stringed_instrument.n.01
walking stick; walking_stick.n.01
wall; partition.n.01
wall socket, wall plug, electric outlet, electrical outlet, outlet, electric receptacle; wall_socket.n.01
wallet; case.n.05
wardrobe, closet, press; furniture.n.01
warehouse; depository.n.01
washer, automatic washer, washing machine; white_goods.n.01
watch; timepiece.n.01
water; water.n.01
water cooler; device.n.01
water faucet, water tap, tap, hydrant; water_faucet.n.01
water valve; valve.n.03
watering can; container.n.01
weathervane; mechanical_device.n.01
webcam; camera.n.01
weight; weight.n.02
welcome card; card.n.03
well; excavation.n.03
wheat; foodstuff.n.02
wheel; machine.n.04
wheelbarrow; handcart.n.01
wheelchair; chair.n.01
whisk; mixer.n.04
wicker basket; basket.n.01
window scarf; scarf.n.01
windowpane, window; windowpane.n.01
windshield, windscreen; protective_covering.n.01
wine rack; rack.n.01
wire, conducting wire; wire.n.02
wires; wire.n.02
wok; pan.n.01
wood; wood.n.01
wood art; woodcarving.n.01
wood box; box.n.01
wood figure; woodcarving.n.01
woodcarving; woodcarving.n.01
wooden cutlery; cutlery.n.02
wooden overhang; overhang.n.01
wooden utensils; cooking_utensil.n.01
work hut; wheeled_vehicle.n.01
work surface; work_surface.n.01
workstation; digital_computer.n.01
wreath; wreath.n.01
ad.n.01; message.n.02
message.n.02; communication.n.02
communication.n.02; abstraction.n.06
abstraction.n.06; entity.n.01
entity.n.01
mechanism.n.05; device.n.01
device.n.01; instrumentality.n.03
instrumentality.n.03; artifact.n.01
artifact.n.01; whole.n.02
whole.n.02; object.n.01
object.n.01; physical_entity.n.01
physical_entity.n.01; entity.n.01
heavier-than-air_craft.n.01; aircraft.n.01
aircraft.n.01; craft.n.02
craft.n.02; vehicle.n.01
vehicle.n.01; conveyance.n.03
conveyance.n.03; instrumentality.n.03
clock.n.01; timepiece.n.01
timepiece.n.01; measuring_instrument.n.01
measuring_instrument.n.01; instrument.n.01
instrument.n.01; device.n.01
alarm.n.02; device.n.01
jar.n.01; vessel.n.03
vessel.n.03; container.n.01
container.n.01; instrumentality.n.03
hook.n.04; mechanical_device.n.01
mechanical_device.n.01; mechanism.n.05
support.n.10; device.n.01
animal.n.01; organism.n.01
organism.n.01; whole.n.02
electrical_device.n.01; device.n.01
antler.n.01; body_part.n.01
body_part.n.01; thing.n.12
thing.n.12; physical_entity.n.01
apparel.n.01; clothing.n.01
clothing.n.01; covering.n.02; consumer_goods.n.01
covering.n.02; artifact.n.01
consumer_goods.n.01; commodity.n.01
commodity.n.01; artifact.n.01
aquarium.n.01; enclosure.n.01; tank.n.02
enclosure.n.01; area.n.05
area.n.05; structure.n.01
structure.n.01; artifact.n.01
tank.n.02; vessel.n.03
pinball.n.01; game.n.03
game.n.03; diversion.n.01
diversion.n.01; activity.n.01
activity.n.01; act.n.02
act.n.02; event.n.01
event.n.01; psychological_feature.n.01
psychological_feature.n.01; abstraction.n.06
chair.n.01; seat.n.03
seat.n.03; furniture.n.01
furniture.n.01; furnishing.n.02
furnishing.n.02; instrumentality.n.03
art.n.01; creation.n.02
creation.n.02; artifact.n.01
ashcan.n.01; bin.n.01
bin.n.01; container.n.01
receptacle.n.01; container.n.01
edible_fruit.n.01; produce.n.01; fruit.n.01
produce.n.01; food.n.02
food.n.02; solid.n.01
solid.n.01; matter.n.03
matter.n.03; physical_entity.n.01
fruit.n.01; reproductive_structure.n.01
reproductive_structure.n.01; plant_organ.n.01
plant_organ.n.01; plant_part.n.01
plant_part.n.01; natural_object.n.01
natural_object.n.01; whole.n.02
prize.n.01; relation.n.01
relation.n.01; abstraction.n.06
canopy.n.03; protective_covering.n.01
protective_covering.n.01; covering.n.02
wheeled_vehicle.n.01; vehicle.n.01; container.n.01
cushion.n.03; padding.n.01
padding.n.01; artifact.n.01
backpack.n.01; bag.n.01
bag.n.01; container.n.01
badge.n.01; cognition.n.01
cognition.n.01; psychological_feature.n.01
bag.n.04; container.n.01
case.n.05; container.n.01
handcart.n.01; wheeled_vehicle.n.01
balcony.n.02; structure.n.01
ball.n.01; game_equipment.n.01
game_equipment.n.01; equipment.n.01
equipment.n.01; instrumentality.n.03
ball.n.03; shape.n.02
shape.n.02; attribute.n.02
attribute.n.02; abstraction.n.06
flag.n.01; emblem.n.01
emblem.n.01; design.n.04
design.n.04; decoration.n.01
decoration.n.01; artifact.n.01
barrier.n.01; obstruction.n.01
obstruction.n.01; structure.n.01
counter.n.01; table.n.02
table.n.02; furniture.n.01
barbecue.n.03; rack.n.01
rack.n.01; framework.n.03
framework.n.03; supporting_structure.n.01
supporting_structure.n.01; structure.n.01
roadblock.n.02; barrier.n.01
support.n.07; supporting_structure.n.01
pedestal.n.03; support.n.07
baseball.n.02; ball.n.01; sports_equipment.n.01
sports_equipment.n.01; equipment.n.01
baseboard.n.01; molding.n.02
molding.n.02; decoration.n.01
basin.n.01; vessel.n.03
basket.n.03; sports_equipment.n.01; goal.n.03
goal.n.03; game_equipment.n.01
basket.n.01; container.n.01
sponge.n.01; material.n.01
material.n.01; substance.n.01
substance.n.01; matter.n.03; part.n.01
part.n.01; relation.n.01
garment.n.01; clothing.n.01
bathtub.n.01; vessel.n.03
beam.n.02; structural_member.n.01; piece.n.01
structural_member.n.01; support.n.10
piece.n.01; part.n.02
part.n.02; object.n.01
bed.n.01; furniture.n.01
bedclothes.n.01; covering.n.02
bell.n.01; device.n.01; signaling_device.n.01
signaling_device.n.01; device.n.01
piece_of_cloth.n.01; piece.n.01; fabric.n.01
fabric.n.01; artifact.n.01
shelter.n.01; structure.n.01
signboard.n.01; structure.n.01
optical_instrument.n.01; instrument.n.01
bird.n.01; vertebrate.n.01
vertebrate.n.01; animal.n.01
cage.n.01; enclosure.n.01
sheet.n.06; artifact.n.01
blanket.n.01; bedclothes.n.01
mixer.n.04; kitchen_utensil.n.01
kitchen_utensil.n.01; utensil.n.01
utensil.n.01; implement.n.01
implement.n.01; instrumentality.n.03
blind.n.03; protective_covering.n.01
block.n.01; artifact.n.01
board.n.02; building_material.n.01
building_material.n.01; artifact.n.01
boat.n.01; vessel.n.02
vessel.n.02; craft.n.02
region.n.03; location.n.01
location.n.01; object.n.01
book.n.02; product.n.02
product.n.02; creation.n.02
bookend.n.01; support.n.10
booklet.n.01; book.n.01
book.n.01; product.n.02
footwear.n.02; covering.n.02
booth.n.02; room.n.01
room.n.01; area.n.05
bottle.n.01; vessel.n.03
flower_arrangement.n.01; decoration.n.01; arrangement.n.02
arrangement.n.02; group.n.01
group.n.01; abstraction.n.06
bowl.n.03; dish.n.01
dish.n.01; container.n.01; crockery.n.01
crockery.n.01; tableware.n.01
tableware.n.01; artifact.n.01
box.n.01; container.n.01
portfolio.n.01; case.n.05
jewelry.n.01; decoration.n.01
branch.n.02; stalk.n.02
stalk.n.02; plant_organ.n.01
bun.n.01; bread.n.01
bread.n.01; foodstuff.n.02; baked_goods.n.01
foodstuff.n.02; food.n.01
food.n.01; substance.n.07
substance.n.07; matter.n.03
baked_goods.n.01; food.n.02
brick.n.01; instrumentality.n.03; building_material.n.01
bridge.n.01; structure.n.01
brush.n.02; implement.n.01
bucket.n.01; vessel.n.03
carriage.n.02; wheeled_vehicle.n.01
building.n.01; structure.n.01
tractor.n.01; self-propelled_vehicle.n.01
self-propelled_vehicle.n.01; wheeled_vehicle.n.01
bulletin_board.n.02; board.n.03
board.n.03; sheet.n.06
signal.n.01; communication.n.02
component.n.03; part.n.02
topographic_point.n.01; point.n.02
point.n.02; location.n.01
positive_identification.n.01; evidence.n.02
evidence.n.02; communication.n.02
cylinder.n.04; container.n.01
house.n.01; structure.n.01; building.n.01
cable.n.02; conductor.n.04
conductor.n.04; device.n.01
railway.n.01; organization.n.01
organization.n.01; group.n.01
calendar.n.03; arrangement.n.02
camera.n.01; equipment.n.01
opener.n.03; hand_tool.n.01
hand_tool.n.01; tool.n.01
tool.n.01; implement.n.01
way.n.06; artifact.n.01
candlestick.n.01; holder.n.01
holder.n.01; device.n.01
candy.n.01; nutriment.n.01
nutriment.n.01; food.n.01
candle.n.01; lamp.n.01
lamp.n.01; source_of_illumination.n.01
source_of_illumination.n.01; device.n.01
cane.n.01; walking_stick.n.01
walking_stick.n.01; stick.n.01
stick.n.01; implement.n.01
canister.n.02; container.n.01
headdress.n.01; clothing.n.01
happening.n.01; event.n.01
motor_vehicle.n.01; self-propelled_vehicle.n.01
carapace.n.01; covering.n.01
covering.n.01; natural_object.n.01
card.n.03; correspondence.n.01
correspondence.n.01; communication.n.02; written_communication.n.01
written_communication.n.01; communication.n.02
game.n.01; activity.n.01
card_table.n.02; table.n.02
rug.n.01; furnishing.n.02; floor_cover.n.01
floor_cover.n.01; covering.n.02
case.n.20; container.n.01
machine.n.01; device.n.01
cassette.n.01; container.n.01
carnivore.n.01; placental.n.01
placental.n.01; vertebrate.n.01
platform.n.01; horizontal_surface.n.01
horizontal_surface.n.01; surface.n.01
surface.n.01; artifact.n.01
compact_disk.n.01; recording.n.03; optical_disk.n.01
recording.n.03; memory_device.n.01
memory_device.n.01; device.n.01
optical_disk.n.01; memory_device.n.01
side.n.05; surface.n.01
interior_decoration.n.01; decoration.n.01
overhang.n.01; structure.n.01
bowed_stringed_instrument.n.01; stringed_instrument.n.01
stringed_instrument.n.01; musical_instrument.n.01
musical_instrument.n.01; device.n.01
telephone.n.01; electronic_equipment.n.01
electronic_equipment.n.01; equipment.n.01
central_processing_unit.n.01; component.n.03; electronic_equipment.n.01
pot.n.01; vessel.n.03; cooking_utensil.n.01
cooking_utensil.n.01; kitchen_utensil.n.01
connection.n.03; instrumentality.n.03
writing_implement.n.01; implement.n.01
lighting_fixture.n.01; fixture.n.01
fixture.n.01; artifact.n.01
board.n.09; surface.n.01
cheese.n.01; food.n.02; dairy_product.n.01
dairy_product.n.01; foodstuff.n.02
chest.n.02; box.n.01
chest_of_drawers.n.01; furniture.n.01
conduit.n.01; passage.n.03
passage.n.03; way.n.06
tobacco.n.01; plant_material.n.01; agent.n.03
plant_material.n.01; material.n.01
agent.n.03; substance.n.07; causal_agent.n.01
causal_agent.n.01; physical_entity.n.01
municipality.n.01; region.n.03; geographical_area.n.01
geographical_area.n.01; region.n.03
lamp.n.02; furniture.n.01
radio_receiver.n.01; receiver.n.01
receiver.n.01; electronic_equipment.n.01
storage_space.n.01; area.n.05
rack.n.05; support.n.10
coaster.n.03; protective_covering.n.01
coat.n.01; garment.n.01
cup.n.01; container.n.01; crockery.n.01
mill.n.04; machine.n.01
kitchen_appliance.n.01; home_appliance.n.01
home_appliance.n.01; appliance.n.02
appliance.n.02; consumer_goods.n.01
upright.n.01; structural_member.n.01
quilt.n.01; bedclothes.n.01
computer.n.01; machine.n.01
power_tool.n.01; tool.n.01; machine.n.01
control.n.09; mechanism.n.05
cooker.n.01; cooking_utensil.n.01
cooler.n.01; refrigerator.n.01
refrigerator.n.01; white_goods.n.01
white_goods.n.01; home_appliance.n.01
work_surface.n.01; surface.n.01
body_of_water.n.01; thing.n.12
curtain.n.01; furnishing.n.02; blind.n.03
lifting_device.n.01; device.n.01
vascular_plant.n.01; plant.n.02
plant.n.02; organism.n.01
crock_pot.n.01; cooker.n.01
cross.n.03; emblem.n.01
cruet.n.01; bottle.n.01
staff.n.02; stick.n.01
cue.n.04; sports_implement.n.01
sports_implement.n.01; implement.n.01
curb.n.01; side.n.05
cutlery.n.02; tableware.n.01
folding_chair.n.01; chair.n.01
toiletry.n.01; instrumentality.n.03
mat.n.07; pad.n.04
pad.n.04; padding.n.01
pencil_box.n.01; box.n.01
writing.n.02; written_communication.n.01
ladle.n.01; vessel.n.03
racetrack.n.01; facility.n.01
facility.n.01; artifact.n.01
dish_rack.n.01; rack.n.01
soap.n.01; cleansing_agent.n.01
cleansing_agent.n.01; compound.n.02
compound.n.02; material.n.01
towel.n.01; piece_of_cloth.n.01
dishrag.n.01; piece_of_cloth.n.01
rod.n.01; implement.n.01
dispenser.n.01; container.n.01
display_panel.n.01; display.n.06
display.n.06; electronic_device.n.01
electronic_device.n.01; device.n.01
window.n.01; framework.n.03
double_door.n.01; door.n.01
door.n.01; movable_barrier.n.01
movable_barrier.n.01; barrier.n.01
paper.n.04; medium.n.01
medium.n.01; instrumentality.n.03
dog.n.01; animal.n.01; carnivore.n.01
linen.n.03; commodity.n.01
plaything.n.01; artifact.n.01
roof.n.01; protective_covering.n.01
push_button.n.01; switch.n.01
switch.n.01; control.n.09
drain.n.03; pipe.n.02
pipe.n.02; tube.n.01
tube.n.01; conduit.n.01
vent.n.01; hole.n.02
hole.n.02; opening.n.10
opening.n.10; artifact.n.01
drawer.n.01; container.n.01; storage_space.n.01
drawing.n.01; communication.n.02
screen.n.09; partition.n.01
partition.n.01; structure.n.01
dressing_table.n.01; table.n.02
herb.n.02; flavorer.n.01
flavorer.n.01; foodstuff.n.02
fountain.n.01; structure.n.01
road.n.01; way.n.06
percussion_instrument.n.01; musical_instrument.n.01
weight.n.02; sports_equipment.n.01
dummy.n.03; figure.n.04
figure.n.04; model.n.04
model.n.04; representation.n.02
representation.n.02; creation.n.02
videodisk.n.01; optical_disk.n.01
drive.n.10; device.n.01
earphone.n.01; electro-acoustic_transducer.n.01
electro-acoustic_transducer.n.01; electrical_device.n.01
earth.n.02; material.n.01
tripod.n.01; rack.n.05
transformer.n.01; electrical_device.n.01
elevator.n.01; lifting_device.n.01
parking.n.01; room.n.02
room.n.02; relation.n.01
envelope.n.01; container.n.01
stairway.n.01; way.n.06
representative.n.01; person.n.01
person.n.01; organism.n.01; causal_agent.n.01
fan.n.01; device.n.01
spectacles.n.01; optical_instrument.n.01
faucet.n.01; regulator.n.01
regulator.n.01; control.n.09
fence.n.01; barrier.n.01
field.n.01; tract.n.01
tract.n.01; geographical_area.n.01
file.n.01; record.n.01
record.n.01; evidence.n.02
file.n.03; furniture.n.01
fire_alarm.n.02; alarm.n.02
hose.n.03; tube.n.01
fire_iron.n.01; implement.n.01
recess.n.04; enclosure.n.01
floor.n.02; structure.n.01
process.n.06; physical_entity.n.01
electric_lamp.n.01; lamp.n.01
flask.n.01; bottle.n.01
sandal.n.01; shoe.n.01
shoe.n.01; footwear.n.02
flower.n.01; vascular_plant.n.01
toilet.n.02; plumbing_fixture.n.01
plumbing_fixture.n.01; fixture.n.01
fog.n.01; process.n.06
symbol.n.01; signal.n.01
footstool.n.01; stool.n.01
stool.n.01; seat.n.03
trophy.n.02; symbol.n.01
fork.n.01; cutlery.n.02
side.n.04; region.n.01
region.n.01; location.n.01
bowl.n.01; vessel.n.03
stall.n.03; shop.n.01
shop.n.01; structure.n.01
pan.n.01; cooking_utensil.n.01
gas_pump.n.01; mechanical_device.n.01
waste.n.01; material.n.01
wreath.n.01; flower_arrangement.n.01
top.n.09; covering.n.02
heater.n.01; device.n.01
meter.n.02; measuring_instrument.n.01
gate.n.01; movable_barrier.n.01
geological_formation.n.01; object.n.01
glass.n.02; container.n.01
glove.n.02; clothing.n.01
golfcart.n.01; sports_equipment.n.01; motor_vehicle.n.01
record_player.n.01; machine.n.01
piano.n.01; stringed_instrument.n.01; musical_instrument.n.01; percussion_instrument.n.01
herb.n.01; vascular_plant.n.01
grate.n.03; barrier.n.01
rock.n.02; material.n.01
net.n.06; fabric.n.01
gutter.n.01; passage.n.03
hand_blower.n.01; dryer.n.01; blower.n.01
dryer.n.01; appliance.n.02
blower.n.01; device.n.01
globe.n.03; model.n.04; sphere.n.02
sphere.n.02; artifact.n.01
handle.n.01; part.n.02
coat_hanger.n.01; hanger.n.02
hanger.n.02; support.n.10
port.n.01; point.n.02
hat.n.01; headdress.n.01
panel.n.01; sheet.n.06
plane_figure.n.01; figure.n.06
figure.n.06; shape.n.02
natural_elevation.n.01; geological_formation.n.01
natural_depression.n.01; geological_formation.n.01
potholder.n.01; pad.n.04
pepper.n.04; solanaceous_vegetable.n.01
solanaceous_vegetable.n.01; vegetable.n.01
vegetable.n.01; produce.n.01
number.n.08; positive_identification.n.01
id.n.02; badge.n.01; positive_identification.n.01
system.n.01; instrumentality.n.03
stereo.n.01; audio_system.n.01
audio_system.n.01; electronic_equipment.n.01; system.n.01
shirt.n.01; garment.n.01
rubbish.n.01; waste.n.01
edge_tool.n.01; tool.n.01
knob.n.02; handle.n.01
label.n.04; marker.n.02
marker.n.02; symbol.n.01
lake.n.01; body_of_water.n.01
soil.n.02; earth.n.02
lantern.n.01; lamp.n.01
digital_computer.n.01; computer.n.01
rabbit.n.01; placental.n.01
leaf.n.01; plant_organ.n.01
citrus.n.01; edible_fruit.n.01
lid.n.02; top.n.09
light.n.02; source_of_illumination.n.01
lock.n.01; fastener.n.02
fastener.n.02; device.n.01
cabinet.n.03; room.n.01
log.n.01; wood.n.01
wood.n.01; plant_material.n.01
loudspeaker.n.01; electro-acoustic_transducer.n.01
manhole.n.01; hole.n.02
shelf.n.01; support.n.10
mask.n.01; clothing.n.01; covering.n.02
stretcher.n.03; conveyance.n.03
pole.n.01; rod.n.01
spoon.n.01; container.n.01; cutlery.n.02
list.n.01; message.n.02
shutter.n.02; blind.n.03
mirror.n.01; device.n.01
sculpture.n.01; art.n.01; figure.n.06
monitor.n.04; display.n.06
memorial.n.03; structure.n.01
moon.n.01
detector.n.01; device.n.01
pass.n.04; location.n.01
base.n.08; support.n.10
poster.n.01; sign.n.02
sign.n.02; communication.n.02
walk.n.05; way.n.06
hoop.n.02; strip.n.02
strip.n.02; artifact.n.01
napkin.n.01; table_linen.n.01
table_linen.n.01; linen.n.03
necklace.n.01; jewelry.n.01
pad.n.01; paper.n.01
paper.n.01; material.n.01
numeral.n.01; symbol.n.01
oar.n.01; implement.n.01
onion.n.03; vegetable.n.01
package.n.02; container.n.01
painting.n.01; art.n.01
tree.n.01; woody_plant.n.01
woody_plant.n.01; vascular_plant.n.01
pane.n.01; sheet.n.06
trouser.n.01; garment.n.01
paper_towel.n.01; towel.n.01
peach.n.03; edible_fruit.n.01; fruit.n.01
pen.n.01; writing_implement.n.01
pencil.n.01; writing_implement.n.01
shaker.n.03; container.n.01
pier.n.01; platform.n.01
space.n.02; shape.n.02; location.n.01
pillow.n.01; cushion.n.03
tower.n.01; structure.n.01
place_mat.n.01; mat.n.07; table_linen.n.01
planter.n.03; pot.n.04
pot.n.04; container.n.01
flatware.n.01; tableware.n.01
plate_rack.n.01; rack.n.01
pool.n.01; excavation.n.03
excavation.n.03; artifact.n.01
pool_ball.n.01; ball.n.01
pool_table.n.01; game_equipment.n.01; table.n.02
porch.n.01; structure.n.01
postbox.n.01; depository.n.01
depository.n.01; facility.n.01
streetlight.n.01; lamp.n.01
postcard.n.01; card.n.03
wall_socket.n.01; receptacle.n.03
receptacle.n.03; component.n.03
printer.n.03; machine.n.01
machine.n.04; mechanical_device.n.01
bar.n.03; implement.n.01
change.n.03; act.n.02
line.n.18; artifact.n.01
tablecloth.n.01; table_linen.n.01
spice.n.02; flavorer.n.01
saltcellar.n.01; container.n.01
santa_claus.n.01
scanner.n.02; electronic_equipment.n.01; electronic_device.n.01
scarf.n.01; garment.n.01
scissors.n.01; edge_tool.n.01; bar.n.03
scoreboard.n.01; signboard.n.01; board.n.03
tape.n.01; strip.n.02
worker.n.01; person.n.01
screen_door.n.01; door.n.01
screen.n.03; display.n.06
sewer.n.01; drain.n.03
sewing_machine.n.01; machine.n.01; home_appliance.n.01
sheet.n.03; linen.n.03
shopping_cart.n.01; handcart.n.01
shovel.n.01; hand_tool.n.01
water_faucet.n.01; faucet.n.01; plumbing_fixture.n.01
tray.n.01; receptacle.n.01
sill.n.01; structural_member.n.01
statue.n.01; sculpture.n.01
fluid.n.02; matter.n.03
skyscraper.n.01; building.n.01
windowpane.n.01; pane.n.01
slipper.n.01; footwear.n.02
slot_machine.n.01; machine.n.01
sock.n.01; hosiery.n.01
hosiery.n.01; clothing.n.01
sofa.n.01; seat.n.03
hand_shovel.n.01; hand_tool.n.01; shovel.n.01
spatula.n.02; hand_tool.n.01
spice_rack.n.01; rack.n.05
spotlight.n.02; lamp.n.01
step.n.04; support.n.10
position.n.01; point.n.02
stocking.n.01; hosiery.n.01
strawberry.n.01; edible_fruit.n.01
name.n.01; part.n.01
wire.n.02; conductor.n.04
streetcar.n.01; self-propelled_vehicle.n.01
cord.n.01; line.n.18
metro.n.01; railway.n.01
swimming_pool.n.01; facility.n.01; pool.n.01
swing.n.02; mechanical_device.n.01; plaything.n.01
control_panel.n.01; electrical_device.n.01
table_game.n.01; game.n.01
vending_machine.n.01; slot_machine.n.01
tissue.n.02; paper.n.01
toilet_tissue.n.01; tissue.n.02
toothbrush.n.01; brush.n.02; toiletry.n.01
towel_rack.n.01; rack.n.01
bin_liner.n.01; bag.n.01
truck.n.01; motor_vehicle.n.01
passageway.n.01; passage.n.03
umbrella.n.01; canopy.n.03
vase.n.01; jar.n.01
valve.n.03; control.n.09
ventilation_shaft.n.01; conduit.n.01; passageway.n.01
water.n.01; compound.n.02; fluid.n.02
woodcarving.n.01; sculpture.n.01
